{"robot": {"x": 0.34135215679384995, "y": -0.07634745991812482, "yaw": -0.6214091927846396}, "target": {"x": 2.8000000000000003, "y": -7.1000000000000005}, "path": [], "obs": {"front": 10.0, "left": 10.0, "right": 10.0, "min_all": 10.0, "obstacle_detected": 0.0, "front_clear": 1.0, "left_clear": 1.0, "right_clear": 1.0}, "stats": {"updates": 0, "steps": 70, "mastery": 3e-06, "level": "D\u00e9butant", "rl_conf": 0.11920292202211755}, "ts": 1774419677.0368898}